{
	"description": "<p>Changelog (15/06/24):<p>* Included 'WEB-DL' as part of 720p search results on 1337x.<p>* Added 'SeedAsYouStream' Notification.<p>* Accounted for 2160p Resolution in Quality Settings and Filtering Logic.<p>* Implimented Optional Auto-Play Feature.",
	"author": "F0R3V3R50F7",
	"homepage": "http://github.com/lprot/movian-plugin-streamian",
	"title": "Streamian",
	"synopsis": "Everything in one plugin.",
	"version": "1.1",
        "file": "streamian.js",
	"m7Version": "7.0.0",
	"type": "ecmascript",
	"id": "streamian",
	"icon": "logo.png",
	"category": "video"
}